comm	81voltd	https://deb.debian.org/debian/pool/main/8/81voltd/81voltd_1.0.0-1_arm64.deb	11476
comm	airspyhf	https://deb.debian.org/debian/pool/main/a/airspyhf/airspyhf_1.6.8-4+b2_arm64.deb	20644
comm	asterisk-core-sounds-en	https://deb.debian.org/debian/pool/main/a/asterisk-core-sounds/asterisk-core-sounds-en_1.6.1-1_all.deb	22844
comm	asterisk-core-sounds-es	https://deb.debian.org/debian/pool/main/a/asterisk-core-sounds/asterisk-core-sounds-es_1.6.1-1_all.deb	22012
comm	asterisk-core-sounds-fr	https://deb.debian.org/debian/pool/main/a/asterisk-core-sounds/asterisk-core-sounds-fr_1.6.1-1_all.deb	23152
comm	asterisk-core-sounds-it	https://deb.debian.org/debian/pool/main/a/asterisk-core-sounds/asterisk-core-sounds-it_1.6.1-1_all.deb	23972
debug	libadns1-dbg	https://deb.debian.org/debian/pool/main/a/adns/libadns1-dbg_1.6.1-1+b1_arm64.deb	184224
debug	binutils-dbg	https://deb.debian.org/debian/pool/main/b/binutils/binutils-dbg_2.44-3_arm64.deb	471300
debug	libctf-nobfd0-dbg	https://deb.debian.org/debian/pool/main/b/binutils/libctf-nobfd0-dbg_2.44-3_arm64.deb	388592
debug	libctf0-dbg	https://deb.debian.org/debian/pool/main/b/binutils/libctf0-dbg_2.44-3_arm64.deb	388320
debug	libsframe1-dbg	https://deb.debian.org/debian/pool/main/b/binutils/libsframe1-dbg_2.44-3_arm64.deb	33400
debug	dibbler-relay-dbg	https://deb.debian.org/debian/pool/main/d/dibbler/dibbler-relay-dbg_1.0.1-2_arm64.deb	1488720
devel	a56	https://deb.debian.org/debian/pool/main/a/a56/a56_1.3+dfsg-12_arm64.deb	33580
devel	abi-compliance-checker	https://deb.debian.org/debian/pool/main/a/abi-compliance-checker/abi-compliance-checker_2.3-3_all.deb	190268
devel	dh-acc	https://deb.debian.org/debian/pool/main/a/abi-compliance-checker/dh-acc_2.3-3_all.deb	18012
devel	abi-dumper	https://deb.debian.org/debian/pool/main/a/abi-dumper/abi-dumper_1.4-1_all.deb	34944
devel	abi-monitor	https://deb.debian.org/debian/pool/main/a/abi-monitor/abi-monitor_1.12-2.1_all.deb	19928
devel	abi-tracker	https://deb.debian.org/debian/pool/main/a/abi-tracker/abi-tracker_1.11-1.1_all.deb	31620
doc	4ti2-doc	https://deb.debian.org/debian/pool/main/4/4ti2/4ti2-doc_1.6.10+ds-1.1_all.deb	358404
doc	a2d-doc	https://deb.debian.org/debian/pool/main/a/a2d/a2d-doc_2.0.5-2_all.deb	484136
doc	abs-guide	https://deb.debian.org/debian/pool/main/a/abs-guide/abs-guide_10-4_all.deb	1072328
doc	accounts-qml-module-doc	https://deb.debian.org/debian/pool/main/a/accounts-qml-module/accounts-qml-module-doc_0.7+git20231028.05e79eb-6_all.deb	19464
doc	libaccountsservice-doc	https://deb.debian.org/debian/pool/main/a/accountsservice/libaccountsservice-doc_23.13.9-7_all.deb	26936
doc	acl2-doc	https://deb.debian.org/debian/pool/main/a/acl2/acl2-doc_8.6+dfsg-2_all.deb	524912
editors	elpa-a	https://deb.debian.org/debian/pool/main/a/a-el/elpa-a_1.0.0-4_all.deb	8872
editors	abiword	https://deb.debian.org/debian/pool/main/a/abiword/abiword_3.0.6~dfsg-1_arm64.deb	868756
editors	abiword-plugin-grammar	https://deb.debian.org/debian/pool/main/a/abiword/abiword-plugin-grammar_3.0.6~dfsg-1_arm64.deb	21412
editors	elpa-activities	https://deb.debian.org/debian/pool/main/a/activities-el/elpa-activities_0.7.2-1_all.deb	23652
editors	elpa-adaptive-wrap	https://deb.debian.org/debian/pool/main/a/adaptive-wrap/elpa-adaptive-wrap_0.8-5_all.deb	6660
editors	elpa-agda2-mode	https://deb.debian.org/debian/pool/main/a/agda/elpa-agda2-mode_2.6.4.3-1_all.deb	51316
education	algobox	https://deb.debian.org/debian/pool/main/a/algobox/algobox_1.1.1+dfsg-1+b3_arm64.deb	360316
education	artikulate	https://deb.debian.org/debian/pool/main/a/artikulate/artikulate_25.04.0-1_arm64.deb	1139340
education	auto-multiple-choice	https://deb.debian.org/debian/pool/main/a/auto-multiple-choice/auto-multiple-choice_1.7.0-3_arm64.deb	38228
education	auto-multiple-choice-common	https://deb.debian.org/debian/pool/main/a/auto-multiple-choice/auto-multiple-choice-common_1.7.0-3_all.deb	570192
education	fisicalab.app	https://deb.debian.org/debian/pool/main/f/fisicalab.app/fisicalab.app_0.4.0-3_arm64.deb	181804
education	fisicalab.app-common	https://deb.debian.org/debian/pool/main/f/fisicalab.app/fisicalab.app-common_0.4.0-3_all.deb	527628
electronics	arachne-pnr	https://deb.debian.org/debian/pool/main/a/arachne-pnr/arachne-pnr_0.1+20190728gitc40fb22-3+b1_arm64.deb	193200
electronics	arduino-builder	https://deb.debian.org/debian/pool/main/a/arduino-builder/arduino-builder_1.3.25-5+b2_arm64.deb	896592
electronics	arduino-mighty-1284p	https://deb.debian.org/debian/pool/main/a/arduino-mighty-1284p/arduino-mighty-1284p_1-5_all.deb	7444
electronics	arduino-mk	https://deb.debian.org/debian/pool/main/a/arduino-mk/arduino-mk_1.5.2-2.1_all.deb	42852
electronics	atlc	https://deb.debian.org/debian/pool/main/a/atlc/atlc_4.6.1-6_arm64.deb	1085924
electronics	atlc-examples	https://deb.debian.org/debian/pool/main/a/atlc/atlc-examples_4.6.1-6_all.deb	580968
embedded	log2ram	https://deb.debian.org/debian/pool/main/l/log2ram/log2ram_1.7.2+ds-1_arm64.deb	7724
embedded	make-dynpart-mappings	https://deb.debian.org/debian/pool/main/m/make-dynpart-mappings/make-dynpart-mappings_10.2.4-1+b2_arm64.deb	7372
embedded	matchbox-common	https://deb.debian.org/debian/pool/main/m/matchbox-common/matchbox-common_0.9.1+git20070606-1_all.deb	30096
embedded	matchbox-desktop	https://deb.debian.org/debian/pool/main/m/matchbox-desktop/matchbox-desktop_2.2+git20200512-3_arm64.deb	31364
embedded	matchbox-keyboard	https://deb.debian.org/debian/pool/main/m/matchbox-keyboard/matchbox-keyboard_0.2+git20160713-1.1+b2_arm64.deb	45092
embedded	matchbox-keyboard-im	https://deb.debian.org/debian/pool/main/m/matchbox-keyboard/matchbox-keyboard-im_0.2+git20160713-1.1+b2_arm64.deb	10412
fonts	fonts-3270	https://deb.debian.org/debian/pool/main/3/3270font/fonts-3270_3.0.1-1_all.deb	184620
fonts	aglfn	https://deb.debian.org/debian/pool/main/a/aglfn/aglfn_1.7+git20191031.4036a9c-2_all.deb	30548
fonts	bdf2sfd	https://deb.debian.org/debian/pool/main/b/bdf2sfd/bdf2sfd_1.1.9-1_arm64.deb	11196
fonts	bdflib	https://deb.debian.org/debian/pool/main/b/bdflib/bdflib_2.1.0-1_all.deb	36152
fonts	birdfont	https://deb.debian.org/debian/pool/main/b/birdfont/birdfont_2.33.6-1_arm64.deb	725216
fonts	fonts-campania	https://deb.debian.org/debian/pool/main/c/campania/fonts-campania_2.009-2_all.deb	123568
games	0ad-data-common	https://deb.debian.org/debian/pool/main/0/0ad-data/0ad-data-common_0.27.0-1_all.deb	779452
games	2048	https://deb.debian.org/debian/pool/main/2/2048/2048_1.0.3-1_arm64.deb	15552
games	2048-qt	https://deb.debian.org/debian/pool/main/2/2048-qt/2048-qt_0.1.6-2+b4_arm64.deb	1392956
games	3dchess	https://deb.debian.org/debian/pool/main/3/3dchess/3dchess_0.8.1-23_arm64.deb	35752
games	7kaa	https://deb.debian.org/debian/pool/main/7/7kaa/7kaa_2.15.6+ds-2_arm64.deb	659348
games	a7xpg	https://deb.debian.org/debian/pool/main/a/a7xpg/a7xpg_0.11.dfsg1-12_arm64.deb	62068
gnome	adwaita-icon-theme	https://deb.debian.org/debian/pool/main/a/adwaita-icon-theme/adwaita-icon-theme_48.1-1_all.deb	504356
gnome	adwaita-qt	https://deb.debian.org/debian/pool/main/a/adwaita-qt/adwaita-qt_1.4.2-3+b4_arm64.deb	85544
gnome	adwaita-qt6	https://deb.debian.org/debian/pool/main/a/adwaita-qt/adwaita-qt6_1.4.2-3+b4_arm64.deb	87560
gnome	alarm-clock-applet	https://deb.debian.org/debian/pool/main/a/alarm-clock-applet/alarm-clock-applet_0.4.1-5+b2_arm64.deb	128828
gnome	almanah	https://deb.debian.org/debian/pool/main/a/almanah/almanah_0.12.4-1_arm64.deb	217712
gnome	apostrophe	https://deb.debian.org/debian/pool/main/a/apostrophe/apostrophe_3.2-3_all.deb	250288
gnu-r	r-cran-abind	https://deb.debian.org/debian/pool/main/a/abind/r-cran-abind_1.4-8-1_all.deb	68120
gnu-r	r-cran-acepack	https://deb.debian.org/debian/pool/main/a/acepack/r-cran-acepack_1.6.1-1_arm64.deb	82412
gnu-r	r-cran-boot	https://deb.debian.org/debian/pool/main/b/boot/r-cran-boot_1.3-31-1_all.deb	639300
gnu-r	r-cran-chron	https://deb.debian.org/debian/pool/main/c/chron/r-cran-chron_2.3-62-1_arm64.deb	196344
gnu-r	r-cran-cluster	https://deb.debian.org/debian/pool/main/c/cluster/r-cran-cluster_2.1.8.1-1_arm64.deb	580244
gnu-r	r-cran-codetools	https://deb.debian.org/debian/pool/main/c/codetools/r-cran-codetools_0.2-20-1_all.deb	91124
golang	golang-filippo-age-dev	https://deb.debian.org/debian/pool/main/a/age/golang-filippo-age-dev_1.2.1-1_all.deb	53092
golang	golang-github-awslabs-amazon-ecr-credential-helper-dev	https://deb.debian.org/debian/pool/main/a/amazon-ecr-credential-helper/golang-github-awslabs-amazon-ecr-credential-helper-dev_0.7.1-2.1_all.deb	15344
golang	golang-redhat-audit-dev	https://deb.debian.org/debian/pool/main/a/audit/golang-redhat-audit-dev_4.0.2-2+deb13u1_all.deb	12812
golang	golang-github-dgraph-io-badger-dev	https://deb.debian.org/debian/pool/main/b/badger/golang-github-dgraph-io-badger-dev_2.2007.2-4_all.deb	181160
golang	balloon	https://deb.debian.org/debian/pool/main/b/balloon/balloon_1.1.1-2+b16_arm64.deb	564600
golang	c2go	https://deb.debian.org/debian/pool/main/c/c2go/c2go_0.26.11-1+b7_arm64.deb	1373812
graphics	3d-ascii-viewer	https://deb.debian.org/debian/pool/main/3/3d-ascii-viewer-c/3d-ascii-viewer_1.4.0+git20240503+ds-2_arm64.deb	18872
graphics	aa3d	https://deb.debian.org/debian/pool/main/a/aa3d/aa3d_1.0-8.3_arm64.deb	8352
graphics	aaphoto	https://deb.debian.org/debian/pool/main/a/aaphoto/aaphoto_0.45-1+b3_arm64.deb	40808
graphics	abr2gbr	https://deb.debian.org/debian/pool/main/a/abr2gbr/abr2gbr_1.0.2-7_arm64.deb	7404
graphics	ale	https://deb.debian.org/debian/pool/main/a/ale/ale_0.9.0.3-6+b1_arm64.deb	293336
graphics	amide	https://deb.debian.org/debian/pool/main/a/amide/amide_1.0.6-5+b5_arm64.deb	569956
hamradio	a2d	https://deb.debian.org/debian/pool/main/a/a2d/a2d_2.0.5-2_all.deb	175540
hamradio	aldo	https://deb.debian.org/debian/pool/main/a/aldo/aldo_0.7.8-2+b1_arm64.deb	55840
hamradio	ampr-ripd	https://deb.debian.org/debian/pool/main/a/ampr-ripd/ampr-ripd_2.4.1-1+b4_arm64.deb	20260
hamradio	aprsdigi	https://deb.debian.org/debian/pool/main/a/aprsdigi/aprsdigi_3.11.0-1+b1_arm64.deb	58500
hamradio	aprx	https://deb.debian.org/debian/pool/main/a/aprx/aprx_2.9.1-3_arm64.deb	965836
hamradio	ax25-apps	https://deb.debian.org/debian/pool/main/a/ax25-apps/ax25-apps_0.0.8-rc5+git20230513+afc4a5f-3_arm64.deb	106372
haskell	c2hs	https://deb.debian.org/debian/pool/main/c/c2hs/c2hs_0.28.8-1_arm64.deb	997044
haskell	libghc-cpphs-dev	https://deb.debian.org/debian/pool/main/c/cpphs/libghc-cpphs-dev_1.20.9.1-4+b1_arm64.deb	187460
haskell	libghc-cpphs-prof	https://deb.debian.org/debian/pool/main/c/cpphs/libghc-cpphs-prof_1.20.9.1-4+b1_arm64.deb	207632
haskell	libghc-gtk2hs-buildtools-dev	https://deb.debian.org/debian/pool/main/g/gtk2hs-buildtools/libghc-gtk2hs-buildtools-dev_0.13.11.0-1+b1_arm64.deb	1348848
haskell	libghc-gtk2hs-buildtools-prof	https://deb.debian.org/debian/pool/main/g/gtk2hs-buildtools/libghc-gtk2hs-buildtools-prof_0.13.11.0-1+b1_arm64.deb	1441920
haskell	happy	https://deb.debian.org/debian/pool/main/h/happy/happy_1.20.1.1-1_arm64.deb	517832
interpreters	brandy	https://deb.debian.org/debian/pool/main/b/brandy/brandy_1.23.5-1_arm64.deb	517940
interpreters	bwbasic	https://deb.debian.org/debian/pool/main/b/bwbasic/bwbasic_2.20pl2-14_arm64.deb	72204
interpreters	cairo-5c	https://deb.debian.org/debian/pool/main/c/cairo-5c/cairo-5c_1.21_all.deb	40560
interpreters	libtcl-chiark-1	https://deb.debian.org/debian/pool/main/c/chiark-tcl/libtcl-chiark-1_1.3.7_arm64.deb	57320
interpreters	libcrypt-ciphersaber-perl	https://deb.debian.org/debian/pool/main/c/ciphersaber/libcrypt-ciphersaber-perl_1.01-2.2_all.deb	10268
interpreters	cjs	https://deb.debian.org/debian/pool/main/c/cjs/cjs_128.0-1_arm64.deb	115356
introspection	gir1.2-abi-3.0	https://deb.debian.org/debian/pool/main/a/abiword/gir1.2-abi-3.0_3.0.6~dfsg-1_arm64.deb	16996
introspection	gir1.2-accountsservice-1.0	https://deb.debian.org/debian/pool/main/a/accountsservice/gir1.2-accountsservice-1.0_23.13.9-7_arm64.deb	10236
introspection	gir1.2-appstream-1.0	https://deb.debian.org/debian/pool/main/a/appstream/gir1.2-appstream-1.0_1.0.5-1_arm64.deb	29540
introspection	gir1.2-appstreamcompose-1.0	https://deb.debian.org/debian/pool/main/a/appstream/gir1.2-appstreamcompose-1.0_1.0.5-1_arm64.deb	13576
introspection	gir1.2-appstreamglib-1.0	https://deb.debian.org/debian/pool/main/a/appstream-glib/gir1.2-appstreamglib-1.0_0.8.3-1_arm64.deb	21960
introspection	gir1.2-aravis-0.8	https://deb.debian.org/debian/pool/main/a/aravis/gir1.2-aravis-0.8_0.8.34-1_arm64.deb	27320
java	libtreelayout-java	https://deb.debian.org/debian/pool/main/a/abego-treelayout/libtreelayout-java_1.0.3-2_all.deb	27048
java	libaccess-modifier-checker-java	https://deb.debian.org/debian/pool/main/a/access-modifier-checker/libaccess-modifier-checker-java_1.34-1_all.deb	46580
java	libaccessodf-java	https://deb.debian.org/debian/pool/main/a/accessodf/libaccessodf-java_0.1.1~b-3_all.deb	18192
java	activemq	https://deb.debian.org/debian/pool/main/a/activemq/activemq_5.17.6+dfsg-2_all.deb	50492
java	libactivemq-activeio-java	https://deb.debian.org/debian/pool/main/a/activemq-activeio/libactivemq-activeio-java_3.1.4-4_all.deb	89584
java	libactivemq-protobuf-java	https://deb.debian.org/debian/pool/main/a/activemq-protobuf/libactivemq-protobuf-java_1.1-8_all.deb	345476
javascript	node-acorn	https://deb.debian.org/debian/pool/main/a/acorn/node-acorn_8.8.1+ds+~cs25.17.7-2_all.deb	128252
javascript	node-almond	https://deb.debian.org/debian/pool/main/a/almond/node-almond_0.3.3+dfsg-10_all.deb	13736
javascript	libjs-angularjs	https://deb.debian.org/debian/pool/main/a/angular.js/libjs-angularjs_1.8.3-3_all.deb	817520
javascript	libjs-asciimathml	https://deb.debian.org/debian/pool/main/a/asciimathtml/libjs-asciimathml_2.0.2-5_all.deb	55476
javascript	libjs-autosize	https://deb.debian.org/debian/pool/main/a/autosize.js/libjs-autosize_4.0.4~dfsg1+~4.0.0-2_all.deb	8348
javascript	node-autosize	https://deb.debian.org/debian/pool/main/a/autosize.js/node-autosize_4.0.4~dfsg1+~4.0.0-2_all.deb	10492
kde	konsolekalendar	https://deb.debian.org/debian/pool/main/a/akonadi-calendar-tools/konsolekalendar_24.12.3-1_arm64.deb	412052
kde	akonadi-contacts-data	https://deb.debian.org/debian/pool/main/a/akonadi-contacts/akonadi-contacts-data_24.12.3-1_all.deb	194744
kde	akonadi-mime-data	https://deb.debian.org/debian/pool/main/a/akonadi-mime/akonadi-mime-data_24.12.3-1_all.deb	80196
kde	alligator	https://deb.debian.org/debian/pool/main/a/alligator/alligator_25.04.3-1_arm64.deb	167564
kde	arianna	https://deb.debian.org/debian/pool/main/a/arianna/arianna_25.04.0-1_arm64.deb	712368
kde	kio-audiocd	https://deb.debian.org/debian/pool/main/a/audiocd-kio/kio-audiocd_25.04.2-1_arm64.deb	699464
libdevel	389-ds-base-dev	https://deb.debian.org/debian/pool/main/3/389-ds-base/389-ds-base-dev_3.1.2+dfsg1-1+deb13u1_arm64.deb	74852
libdevel	lib4ti2-dev	https://deb.debian.org/debian/pool/main/4/4ti2/lib4ti2-dev_1.6.10+ds-1.1+b2_arm64.deb	493788
libdevel	liba52-0.7.4-dev	https://deb.debian.org/debian/pool/main/a/a52dec/liba52-0.7.4-dev_0.7.4-20+b3_arm64.deb	49448
libdevel	libaa1-dev	https://deb.debian.org/debian/pool/main/a/aalib/libaa1-dev_1.4p5-51.1+b1_arm64.deb	131832
libdevel	libabiword-dev	https://deb.debian.org/debian/pool/main/a/abiword/libabiword-dev_3.0.6~dfsg-1_arm64.deb	24700
libdevel	libabsl-dev	https://deb.debian.org/debian/pool/main/a/abseil/libabsl-dev_20240722.0-4_arm64.deb	1223308
libs	389-ds-base-libs	https://deb.debian.org/debian/pool/main/3/389-ds-base/389-ds-base-libs_3.1.2+dfsg1-1+deb13u1_arm64.deb	1043568
libs	lib4ti2-0t64	https://deb.debian.org/debian/pool/main/4/4ti2/lib4ti2-0t64_1.6.10+ds-1.1+b2_arm64.deb	381592
libs	liba52-0.7.4	https://deb.debian.org/debian/pool/main/a/a52dec/liba52-0.7.4_0.7.4-20+b3_arm64.deb	30296
libs	libaa1	https://deb.debian.org/debian/pool/main/a/aalib/libaa1_1.4p5-51.1+b1_arm64.deb	47980
libs	libabsl20240722	https://deb.debian.org/debian/pool/main/a/abseil/libabsl20240722_20240722.0-4_arm64.deb	452500
libs	qml-module-sso-onlineaccounts	https://deb.debian.org/debian/pool/main/a/accounts-qml-module/qml-module-sso-onlineaccounts_0.7+git20231028.05e79eb-6_arm64.deb	57336
lisp	elpa-ace-link	https://deb.debian.org/debian/pool/main/a/ace-link/elpa-ace-link_0.5.0-5_all.deb	7576
lisp	elpa-ace-popup-menu	https://deb.debian.org/debian/pool/main/a/ace-popup-menu/elpa-ace-popup-menu_0.2.1-5_all.deb	6248
lisp	elpa-ace-window	https://deb.debian.org/debian/pool/main/a/ace-window/elpa-ace-window_0.10.0-3_all.deb	15724
lisp	elpa-acl2	https://deb.debian.org/debian/pool/main/a/acl2/elpa-acl2_8.6+dfsg-2_all.deb	78264
lisp	elpa-aggressive-indent	https://deb.debian.org/debian/pool/main/a/aggressive-indent-mode/elpa-aggressive-indent_1.10.0+git20230112.1.a437a45-1_all.deb	519904
lisp	cl-agnostic-lizard	https://deb.debian.org/debian/pool/main/a/agnostic-lizard/cl-agnostic-lizard_0~git20201010.1.fe3a737-2_all.deb	19552
localization	aegisub-l10n	https://deb.debian.org/debian/pool/main/a/aegisub/aegisub-l10n_3.2.2+dfsg-7.3_all.deb	491460
localization	cflow-l10n	https://deb.debian.org/debian/pool/main/c/cflow/cflow-l10n_1.7-5_all.deb	45588
localization	debconf-i18n	https://deb.debian.org/debian/pool/main/d/debconf/debconf-i18n_1.5.91_all.deb	217348
localization	debian-edu-router-fai-l10n	https://deb.debian.org/debian/pool/main/d/debian-edu-router/debian-edu-router-fai-l10n_2.13.5_all.deb	36268
localization	e2fsprogs-l10n	https://deb.debian.org/debian/pool/main/e/e2fsprogs/e2fsprogs-l10n_1.47.2-3_all.deb	550744
localization	famfamfam-flag-gif	https://deb.debian.org/debian/pool/main/f/famfamfam-flag/famfamfam-flag-gif_0.1-3.2_all.deb	83828
math	4ti2	https://deb.debian.org/debian/pool/main/4/4ti2/4ti2_1.6.10+ds-1.1+b2_arm64.deb	34328
math	libcoq-aac-tactics	https://deb.debian.org/debian/pool/main/a/aac-tactics/libcoq-aac-tactics_8.20.0-1+b4_arm64.deb	400636
math	acl2-infix	https://deb.debian.org/debian/pool/main/a/acl2/acl2-infix_8.6+dfsg-2_arm64.deb	853784
math	acl2-infix-source	https://deb.debian.org/debian/pool/main/a/acl2/acl2-infix-source_8.6+dfsg-2_all.deb	72652
math	admesh	https://deb.debian.org/debian/pool/main/a/admesh/admesh_0.98.5-1+b2_arm64.deb	20776
math	ann-tools	https://deb.debian.org/debian/pool/main/a/ann/ann-tools_1.1.2+doc-9+b2_arm64.deb	31360
ocaml	lib0install-solver-ocaml	https://deb.debian.org/debian/pool/main/0/0install-solver/lib0install-solver-ocaml_2.18-1+b3_arm64.deb	214996
ocaml	lib0install-solver-ocaml-dev	https://deb.debian.org/debian/pool/main/0/0install-solver/lib0install-solver-ocaml-dev_2.18-1+b3_arm64.deb	503736
ocaml	libben-ocaml	https://deb.debian.org/debian/pool/main/b/ben/libben-ocaml_1.9+b3_arm64.deb	181016
ocaml	libbin-prot-ocaml	https://deb.debian.org/debian/pool/main/b/bin-prot/libbin-prot-ocaml_0.17.0-2+b4_arm64.deb	542636
ocaml	libbin-prot-ocaml-dev	https://deb.debian.org/debian/pool/main/b/bin-prot/libbin-prot-ocaml-dev_0.17.0-2+b4_arm64.deb	1454976
ocaml	libbiniou-ocaml	https://deb.debian.org/debian/pool/main/b/biniou/libbiniou-ocaml_1.2.2-4+b3_arm64.deb	140160
perl	alice	https://deb.debian.org/debian/pool/main/a/alice/alice_0.19-3_all.deb	186260
perl	all-knowing-dns	https://deb.debian.org/debian/pool/main/a/all-knowing-dns/all-knowing-dns_1.7-7_all.deb	18892
perl	liballelecount-perl	https://deb.debian.org/debian/pool/main/a/allelecount/liballelecount-perl_4.3.0-3_all.deb	24948
perl	libappconfig-perl	https://deb.debian.org/debian/pool/main/a/appconfig/libappconfig-perl_1.71-2.3_all.deb	67012
perl	biber	https://deb.debian.org/debian/pool/main/b/biber/biber_2.20-2_all.deb	540348
perl	bio-tradis	https://deb.debian.org/debian/pool/main/b/bio-tradis/bio-tradis_1.4.5+dfsg2-2_all.deb	80344
php	libawl-php	https://deb.debian.org/debian/pool/main/a/awl/libawl-php_0.64-1.1_all.deb	96216
php	php-bacon-qr-code	https://deb.debian.org/debian/pool/main/b/baconqrcode/php-bacon-qr-code_3.0.1-1_arm64.deb	43624
php	cmsscanner	https://deb.debian.org/debian/pool/main/c/cmsscanner/cmsscanner_0.1.2-2_all.deb	5552
php	composer	https://deb.debian.org/debian/pool/main/c/composer/composer_2.8.8-1+deb13u3_all.deb	533920
php	php-dasprid-enum	https://deb.debian.org/debian/pool/main/d/dasprid-enum/php-dasprid-enum_1.0.6-1_all.deb	10508
php	dh-php	https://deb.debian.org/debian/pool/main/d/dh-php/dh-php_5.10_all.deb	14912
python	python3-sphinx-ablog	https://deb.debian.org/debian/pool/main/a/ablog/python3-sphinx-ablog_0.11.12-6_all.deb	40116
python	python3-pyabpoa	https://deb.debian.org/debian/pool/main/a/abpoa/python3-pyabpoa_1.5.3-1+b4_arm64.deb	147704
python	python3-accessible-pygments	https://deb.debian.org/debian/pool/main/a/accessible-pygments/python3-accessible-pygments_0.0.5-2_all.deb	1305696
python	python3-acstore	https://deb.debian.org/debian/pool/main/a/acstore/python3-acstore_0~20240407-3_all.deb	15020
python	python3-actdiag	https://deb.debian.org/debian/pool/main/a/actdiag/python3-actdiag_3.0.0+dfsg1-2_all.deb	16744
python	python3-adapt	https://deb.debian.org/debian/pool/main/a/adapt/python3-adapt_1.0.0-1.1_all.deb	20908
ruby	asciidoctor	https://deb.debian.org/debian/pool/main/a/asciidoctor/asciidoctor_2.0.23-1_all.deb	88676
ruby	ruby-asciidoctor	https://deb.debian.org/debian/pool/main/a/asciidoctor/ruby-asciidoctor_2.0.23-1_all.deb	213832
ruby	coderay	https://deb.debian.org/debian/pool/main/c/coderay/coderay_1.1.3-8_all.deb	12172
ruby	ruby-coderay	https://deb.debian.org/debian/pool/main/c/coderay/ruby-coderay_1.1.3-8_all.deb	78052
ruby	compass-fancy-buttons-plugin	https://deb.debian.org/debian/pool/main/c/compass-fancy-buttons-plugin/compass-fancy-buttons-plugin_1.1.1~20120313-7_all.deb	14052
ruby	compass-h5bp-plugin	https://deb.debian.org/debian/pool/main/c/compass-h5bp-plugin/compass-h5bp-plugin_1.0.0-6_all.deb	12168
rust	dh-cargo	https://deb.debian.org/debian/pool/main/d/dh-cargo/dh-cargo_32_all.deb	10568
rust	librust-mdbook-dev	https://deb.debian.org/debian/pool/main/m/mdbook/librust-mdbook-dev_0.4.48+ds-2_arm64.deb	198136
rust	librust-rsass-dev	https://deb.debian.org/debian/pool/main/r/rsass/librust-rsass-dev_0.29.0-5_all.deb	675468
rust	librust-ab-glyph-dev	https://deb.debian.org/debian/pool/main/r/rust-ab-glyph/librust-ab-glyph-dev_0.2.29-1_arm64.deb	22228
rust	librust-ab-glyph-rasterizer-dev	https://deb.debian.org/debian/pool/main/r/rust-ab-glyph-rasterizer/librust-ab-glyph-rasterizer-dev_0.1.7-1+b2_arm64.deb	12980
rust	librust-abnf-dev	https://deb.debian.org/debian/pool/main/r/rust-abnf/librust-abnf-dev_0.13.0-1+b2_arm64.deb	25360
science	abacas	https://deb.debian.org/debian/pool/main/a/abacas/abacas_1.3.1-9_all.deb	24640
science	abpoa	https://deb.debian.org/debian/pool/main/a/abpoa/abpoa_1.5.3-1+b4_arm64.deb	136792
science	achilles	https://deb.debian.org/debian/pool/main/a/achilles/achilles_2-13_arm64.deb	30884
science	adapterremoval	https://deb.debian.org/debian/pool/main/a/adapterremoval/adapterremoval_2.3.4-1_arm64.deb	173784
science	adapterremoval-examples	https://deb.debian.org/debian/pool/main/a/adapterremoval/adapterremoval-examples_2.3.4-1_all.deb	380376
science	python3-adios4dolfinx	https://deb.debian.org/debian/pool/main/a/adios4dolfinx/python3-adios4dolfinx_0.9.3-1_all.deb	25996
shells	autojump	https://deb.debian.org/debian/pool/main/a/autojump/autojump_22.5.1-1.1_all.deb	36880
shells	bash	https://deb.debian.org/debian/pool/main/b/bash/bash_5.2.37-2+b10_arm64.deb	1456340
shells	bash-static	https://deb.debian.org/debian/pool/main/b/bash/bash-static_5.2.37-2+b10_arm64.deb	988644
shells	bash-completion	https://deb.debian.org/debian/pool/main/b/bash-completion/bash-completion_2.16.0-7_all.deb	319436
shells	bashacks	https://deb.debian.org/debian/pool/main/b/bashacks/bashacks_1.5+git20241128.a8d16fc-1_all.deb	18164
shells	busybox-static	https://deb.debian.org/debian/pool/main/b/busybox/busybox-static_1.37.0-6+b9_arm64.deb	847552
sound	a2jmidid	https://deb.debian.org/debian/pool/main/a/a2jmidid/a2jmidid_9-3.1_arm64.deb	29356
sound	abcde	https://deb.debian.org/debian/pool/main/a/abcde/abcde_2.9.3-1_all.deb	148572
sound	abcmidi	https://deb.debian.org/debian/pool/main/a/abcmidi/abcmidi_20250216+ds-1_arm64.deb	456708
sound	abgate	https://deb.debian.org/debian/pool/main/a/abgate/abgate_1.2.0-2+b2_arm64.deb	585912
sound	ableton-link-dev	https://deb.debian.org/debian/pool/main/a/ableton-link/ableton-link-dev_3.1.2+dfsg-1_all.deb	72252
sound	ableton-link-utils	https://deb.debian.org/debian/pool/main/a/ableton-link/ableton-link-utils_3.1.2+dfsg-1+b1_arm64.deb	91048
tex	abntex	https://deb.debian.org/debian/pool/main/a/abntex/abntex_0.9.beta2-2_all.deb	207556
tex	alqalam	https://deb.debian.org/debian/pool/main/a/alqalam/alqalam_0.2-10_all.deb	756344
tex	aspic	https://deb.debian.org/debian/pool/main/a/aspic/aspic_2.00+dfsg-4+b1_arm64.deb	183432
tex	asymptote-x11	https://deb.debian.org/debian/pool/main/a/asymptote/asymptote-x11_3.02+ds-1_all.deb	667360
tex	auctex	https://deb.debian.org/debian/pool/main/a/auctex/auctex_13.2-1.1_all.deb	1311036
tex	preview-latex-style	https://deb.debian.org/debian/pool/main/a/auctex/preview-latex-style_13.2-1.1_all.deb	349564
text	a2ps	https://deb.debian.org/debian/pool/main/a/a2ps/a2ps_4.15.6-1+b1_arm64.deb	632908
text	libaa-bin	https://deb.debian.org/debian/pool/main/a/aalib/libaa-bin_1.4p5-51.1+b1_arm64.deb	9304
text	aasvg	https://deb.debian.org/debian/pool/main/a/aasvg/aasvg_0.3.2-1_all.deb	19972
text	abcm2ps	https://deb.debian.org/debian/pool/main/a/abcm2ps/abcm2ps_8.14.17-2_arm64.deb	206492
text	acheck	https://deb.debian.org/debian/pool/main/a/acheck/acheck_0.5.13_all.deb	34248
text	acheck-rules	https://deb.debian.org/debian/pool/main/a/acheck-rules/acheck-rules_0.3.6_all.deb	10668
utils	2vcard	https://deb.debian.org/debian/pool/main/2/2vcard/2vcard_0.6-5_all.deb	13988
utils	7zip	https://deb.debian.org/debian/pool/main/7/7zip/7zip_25.01+dfsg-1~deb13u2_arm64.deb	1423436
utils	7zip-standalone	https://deb.debian.org/debian/pool/main/7/7zip/7zip-standalone_25.01+dfsg-1~deb13u2_arm64.deb	901656
utils	9base	https://deb.debian.org/debian/pool/main/9/9base/9base_6-14+b1_arm64.deb	719632
utils	abbtr	https://deb.debian.org/debian/pool/main/a/abbtr/abbtr_1.0.4-1_arm64.deb	725584
utils	ack	https://deb.debian.org/debian/pool/main/a/ack/ack_3.8.1-1_all.deb	73900
vcs	brz	https://deb.debian.org/debian/pool/main/b/breezy/brz_3.3.11-1_arm64.deb	210172
vcs	brz-debian	https://deb.debian.org/debian/pool/main/b/breezy-debian/brz-debian_2.8.80_all.deb	120772
vcs	bzr	https://deb.debian.org/debian/pool/main/b/bzr/bzr_2.7.0+bzr6622+brz_all.deb	21092
vcs	cvsservice	https://deb.debian.org/debian/pool/main/c/cervisia/cvsservice_25.04.0-1_arm64.deb	82632
vcs	commit-patch	https://deb.debian.org/debian/pool/main/c/commit-patch/commit-patch_2.6.2-2_all.deb	19288
vcs	cssc	https://deb.debian.org/debian/pool/main/c/cssc/cssc_1.4.1-1+b1_arm64.deb	519580
video	ani-cli	https://deb.debian.org/debian/pool/main/a/ani-cli/ani-cli_4.10-1_all.deb	13500
video	aom-tools	https://deb.debian.org/debian/pool/main/a/aom/aom-tools_3.12.1-1+deb13u1_arm64.deb	113532
video	aravis-tools	https://deb.debian.org/debian/pool/main/a/aravis/aravis-tools_0.8.34-1_arm64.deb	91428
video	aravis-tools-cli	https://deb.debian.org/debian/pool/main/a/aravis/aravis-tools-cli_0.8.34-1_arm64.deb	13828
video	atomicparsley	https://deb.debian.org/debian/pool/main/a/atomicparsley/atomicparsley_20240608.083822.1ed9031-1_arm64.deb	116072
video	auto-editor	https://deb.debian.org/debian/pool/main/a/auto-editor/auto-editor_26.3.1+ds-1_all.deb	86556
web	acme.sh	https://deb.debian.org/debian/pool/main/a/acme.sh/acme.sh_3.1.1-1_all.deb	387796
web	activity-aware-firefox	https://deb.debian.org/debian/pool/main/a/activity-aware-firefox/activity-aware-firefox_0.4.2-1_all.deb	7424
web	adminer	https://deb.debian.org/debian/pool/main/a/adminer/adminer_5.2.1+dfsg-1_all.deb	792740
web	analog	https://deb.debian.org/debian/pool/main/a/analog/analog_6.0.17-3+b2_arm64.deb	1108588
web	angelfish	https://deb.debian.org/debian/pool/main/a/angelfish/angelfish_25.04.0-2_arm64.deb	1259236
web	aodh-api	https://deb.debian.org/debian/pool/main/a/aodh/aodh-api_20.0.0-2_all.deb	25456
x11	4pane	https://deb.debian.org/debian/pool/main/4/4pane/4pane_8.0-1+b6_arm64.deb	1404880
x11	9menu	https://deb.debian.org/debian/pool/main/9/9menu/9menu_1.11-1_arm64.deb	13548
x11	9wm	https://deb.debian.org/debian/pool/main/9/9wm/9wm_1.4.1-1+b1_arm64.deb	24756
x11	aewm++	https://deb.debian.org/debian/pool/main/a/aewm++/aewm++_1.1.2-5.3_arm64.deb	34428
x11	aewm++-goodies	https://deb.debian.org/debian/pool/main/a/aewm++-goodies/aewm++-goodies_1.0-10.2_arm64.deb	48432
x11	afterstep	https://deb.debian.org/debian/pool/main/a/afterstep/afterstep_2.2.12-18_arm64.deb	431616
xfce	exo-utils	https://deb.debian.org/debian/pool/main/e/exo/exo-utils_4.20.0-1_arm64.deb	56424
xfce	thunar-font-manager	https://deb.debian.org/debian/pool/main/f/font-manager/thunar-font-manager_0.9.4-2_arm64.deb	13652
xfce	gigolo	https://deb.debian.org/debian/pool/main/g/gigolo/gigolo_0.5.4-1_arm64.deb	191780
xfce	libxfce4ui-common	https://deb.debian.org/debian/pool/main/libx/libxfce4ui/libxfce4ui-common_4.20.1-1_all.deb	229268
xfce	libxfce4ui-utils	https://deb.debian.org/debian/pool/main/libx/libxfce4ui/libxfce4ui-utils_4.20.1-1_arm64.deb	89372
xfce	libxfce4util-bin	https://deb.debian.org/debian/pool/main/libx/libxfce4util/libxfce4util-bin_4.20.1-1_arm64.deb	13524
