section	package
comm	81voltd
comm	ipp-usb
debug	ceph-immutable-object-cache-dbg
debug	dibbler-client-dbg
devel	gcc-13-plugin-dev-x86-64-linux-gnux32
devel	poxml
doc	gsasl-doc
doc	libghc-asn1-parse-doc
editors	apel
editors	vala-mode-el
education	fracatux
education	kanadic
electronics	librnd4-pixmap
electronics	nextpnr-generic
embedded	matchbox
embedded	matchbox-panel-manager
fonts	fonts-atkinson-hyperlegible-web
fonts	fonts-baekmuk
games	asylum-data
games	atomix
games	ufoai-textures
gnome	bibledit-data
gnome	gnome-shell-extension-user-theme
gnome	lomiri-app-launch
gnu-r	r-cran-irace
gnu-r	r-cran-npsurv
gnu-r	r-cran-seriation
golang	golang-github-graylog2-go-gelf-dev
golang	golang-github-rogpeppe-go-internal-dev
graphics	gdmap
graphics	screengrab
graphics	tesseract-ocr-kir
hamradio	flrig
hamradio	tmd710-tncsetup
haskell	libghc-esqueleto-dev
haskell	libghc-tasty-quickcheck-prof
haskell	libghc-yi-language-dev
interpreters	erlang-parsetools
interpreters	pike8.0-svg
interpreters	raku
introspection	gir1.2-appstream-1.0
introspection	gir1.2-libosinfo-1.0
java	libbuild-helper-maven-plugin-java
java	libjmock2-java
javascript	node-pac-resolver
javascript	node-react-test-renderer
kde	kde-config-screenlocker
kde	kup-backup
libdevel	dolphin-dev
libdevel	libgm2-14-dev-i386-cross
libdevel	libopusenc-dev
libs	libgenders0
libs	libqt5nfc5
lisp	cl-anaphora
lisp	elpa-key-chord
lisp	r6rs-nanopass-dev
localization	firefox-esr-l10n-pt-pt
localization	libphonon-l10n
localization	libreoffice-l10n-rw
math	jsurf-alggeo
math	libcoq-mathcomp-character
ocaml	libdomain-name-ocaml
ocaml	ocp-indent
perl	libparse-method-signatures-perl
perl	libxml-feed-perl
php	libphp-simplepie
php	php-symfony-bandwidth-notifier
php	php-symfony-telnyx-notifier
python	python3-pykmtronic
python	python3-pyside6.qtgraphs
ruby	puma
ruby	ruby-i18n-data
ruby	ruby-packetfu
rust	librust-mio-dev
rust	librust-rust-netrc-dev
rust	librust-tls-parser-dev
science	pysatellites
science	yaha
shells	tcsh
shells	zsh-antigen
sound	hydrogen-drumkits
sound	pd-ableton-link
tex	advi-examples
tex	context
text	kanjidic
text	pulldown-cmark
utils	hexer
utils	leb128
vcs	git-absorb
vcs	klaus
vcs	myrepos
video	streamlink
video	vdr-plugin-svdrpservice
web	htmlmin
web	smarty-gettext
web	tryton-sao
x11	caja-sendto
x11	gmrun
xfce	thunar
xfce	xfce4-battery-plugin
