apt	3.0.3	arm64
base-files	13.8+deb13u7	arm64
base-passwd	3.6.7	arm64
bash	5.2.37-2+b10	arm64
ca-certificates	20250419	arm64
coreutils	9.7-3	arm64
dash	0.5.12-12	arm64
debconf	1.5.91	arm64
debian-archive-keyring	2025.1	arm64
debianutils	5.23.2	arm64
diffutils	1:3.10-4	arm64
dpkg	1.22.22	arm64
findutils	4.10.0-3	arm64
gcc-14-base	14.2.0-19	arm64
grep	3.11-4+b1	arm64
gzip	1.13-1+deb13u1	arm64
libacl1	2.3.2-2+b1	arm64
libapt-pkg7.0	3.0.3	arm64
libattr1	1:2.5.2-3	arm64
libbz2-1.0	1.0.8-6	arm64
libc-bin	2.41-12+deb13u4	arm64
libc6	2.41-12+deb13u4	arm64
libcap2	1:2.75-10+deb13u1+b3	arm64
libcrypt1	1:4.4.38-1	arm64
libdebconfclient0	0.280	arm64
libgcc-s1	14.2.0-19	arm64
libgcrypt20	1.11.0-7+deb13u1	arm64
libgmp10	2:6.3.0+dfsg-3	arm64
libgpg-error0	1.51-4	arm64
libhogweed6t64	3.10.1-1	arm64
liblz4-1	1.10.0-4	arm64
liblzma5	5.8.1-1+deb13u1	arm64
libmd0	1.1.0-2+b1	arm64
libnettle8t64	3.10.1-1	arm64
libpcre2-8-0	10.46-1~deb13u3	arm64
libseccomp2	2.6.0-2	arm64
libselinux1	3.8.1-1	arm64
libssl3t64	3.5.7-1~deb13u3	arm64
libstdc++6	14.2.0-19	arm64
libsystemd0	257.13-1~deb13u1	arm64
libtinfo6	6.5+20250216-2	arm64
libudev1	257.13-1~deb13u1	arm64
libxxhash0	0.8.3-2	arm64
libzstd1	1.5.7+dfsg-1	arm64
login.defs	1:4.17.4-2	arm64
mawk	1.3.4.20250131-1	arm64
openssl	3.5.7-1~deb13u3	arm64
openssl-provider-legacy	3.5.7-1~deb13u3	arm64
perl-base	5.40.1-6+deb13u1	arm64
sed	4.9-2+deb13u1	arm64
sqv	1.3.0-3+b2	arm64
tar	1.35+dfsg-3.1	arm64
xz-utils	5.8.1-1+deb13u1	arm64
zlib1g	1:1.3.dfsg+really1.3.1-1+b1	arm64
